model_name,domain,ndcg@5,ndcg@10,recall@1,recall@5,recall@10,num_eval_queries,num_queries,num_corpus_scored,path
baseline_vdr_50k_best,computer_science,0.1860918919125207,0.20755949224762746,0.07008411485155681,0.178454489094024,0.2496834044508463,1290,1290,1360,/data/home/jeffrey/Projects-dev/AutoRAG-Research/experiments/vidorev3_colflor/results/baseline_vdr_50k_best/computer_science.json
baseline_vdr_50k_best,energy,0.13709793654387728,0.1586225027821761,0.0630030188065902,0.15124845516043048,0.21456856833054183,1848,1848,2225,/data/home/jeffrey/Projects-dev/AutoRAG-Research/experiments/vidorev3_colflor/results/baseline_vdr_50k_best/energy.json
baseline_vdr_50k_best,finance_en,0.1232182097380451,0.14017701439460067,0.05586643760456722,0.12514689442309737,0.17468149609424766,1854,1854,2942,/data/home/jeffrey/Projects-dev/AutoRAG-Research/experiments/vidorev3_colflor/results/baseline_vdr_50k_best/finance_en.json
baseline_vdr_50k_best,finance_fr,0.08134560022129982,0.09663790703838483,0.033028179864117414,0.08706461342635789,0.12969598043903602,1920,1920,2384,/data/home/jeffrey/Projects-dev/AutoRAG-Research/experiments/vidorev3_colflor/results/baseline_vdr_50k_best/finance_fr.json
baseline_vdr_50k_best,hr,0.08768111079706065,0.09779474702799912,0.03548517402197283,0.084626614017341,0.1196804738679904,1908,1908,1110,/data/home/jeffrey/Projects-dev/AutoRAG-Research/experiments/vidorev3_colflor/results/baseline_vdr_50k_best/hr.json
baseline_vdr_50k_best,industrial,0.07093640521887551,0.0755206436269847,0.03474357323738952,0.07007057822303456,0.08707032411315166,1698,1698,5244,/data/home/jeffrey/Projects-dev/AutoRAG-Research/experiments/vidorev3_colflor/results/baseline_vdr_50k_best/industrial.json
baseline_vdr_50k_best,pharmaceuticals,0.14173222079706432,0.1526400362234093,0.06907759850574309,0.14192287189866648,0.18129376888963508,2184,2184,2313,/data/home/jeffrey/Projects-dev/AutoRAG-Research/experiments/vidorev3_colflor/results/baseline_vdr_50k_best/pharmaceuticals.json
baseline_vdr_50k_best,physics,0.11696957761389311,0.12991995282179206,0.03191597174324559,0.10298564483762054,0.15127587147668145,1812,1812,1674,/data/home/jeffrey/Projects-dev/AutoRAG-Research/experiments/vidorev3_colflor/results/baseline_vdr_50k_best/physics.json
baseline_vdr_50k_final,computer_science,0.19048064435291143,0.21117957015321992,0.07133329848446138,0.18272545714406188,0.2519057858592741,1290,1290,1360,/data/home/jeffrey/Projects-dev/AutoRAG-Research/experiments/vidorev3_colflor/results/baseline_vdr_50k_final/computer_science.json
baseline_vdr_50k_final,energy,0.1380442231637923,0.1598955736550707,0.059853109853109834,0.15493663731079815,0.22003136936508794,1848,1848,2225,/data/home/jeffrey/Projects-dev/AutoRAG-Research/experiments/vidorev3_colflor/results/baseline_vdr_50k_final/energy.json
baseline_vdr_50k_final,finance_en,0.12623853072056493,0.1427070240623534,0.056588385858877946,0.12850180467525682,0.17664310393701863,1854,1854,2942,/data/home/jeffrey/Projects-dev/AutoRAG-Research/experiments/vidorev3_colflor/results/baseline_vdr_50k_final/finance_en.json
baseline_vdr_50k_final,finance_fr,0.08308166516834602,0.09842985178271527,0.033891707251082294,0.08923029186386534,0.13053896727556905,1920,1920,2384,/data/home/jeffrey/Projects-dev/AutoRAG-Research/experiments/vidorev3_colflor/results/baseline_vdr_50k_final/finance_fr.json
baseline_vdr_50k_final,hr,0.0883467155039042,0.09790829141409137,0.03588699093322371,0.08634761142168002,0.12015848666474326,1908,1908,1110,/data/home/jeffrey/Projects-dev/AutoRAG-Research/experiments/vidorev3_colflor/results/baseline_vdr_50k_final/hr.json
baseline_vdr_50k_final,industrial,0.0716158570396945,0.07643117106277529,0.03573820744757143,0.0703890955910219,0.0885520105330006,1698,1698,5244,/data/home/jeffrey/Projects-dev/AutoRAG-Research/experiments/vidorev3_colflor/results/baseline_vdr_50k_final/industrial.json
baseline_vdr_50k_final,pharmaceuticals,0.1427543209040325,0.15375738274976783,0.06871552525764044,0.1429171602212515,0.1812797240630499,2184,2184,2313,/data/home/jeffrey/Projects-dev/AutoRAG-Research/experiments/vidorev3_colflor/results/baseline_vdr_50k_final/pharmaceuticals.json
baseline_vdr_50k_final,physics,0.1184335238778276,0.13250487565919228,0.03307327299639907,0.10490811626196357,0.15395709347252165,1812,1812,1674,/data/home/jeffrey/Projects-dev/AutoRAG-Research/experiments/vidorev3_colflor/results/baseline_vdr_50k_final/physics.json
c_full_1k_best,computer_science,0.17078576425820824,0.18878261703981697,0.06198398285607599,0.16518589076728604,0.22551634196983034,1290,1290,1360,/data/home/jeffrey/Projects-dev/AutoRAG-Research/experiments/vidorev3_colflor/results/c_full_1k_best/computer_science.json
c_full_1k_best,energy,0.11580875181902574,0.13248719460193234,0.049256709984769345,0.13153583133095265,0.1801663109768318,1848,1848,2225,/data/home/jeffrey/Projects-dev/AutoRAG-Research/experiments/vidorev3_colflor/results/c_full_1k_best/energy.json
c_full_1k_best,finance_en,0.10954923559463951,0.12613660258951037,0.04528782071765032,0.11244771516076385,0.15905344138288707,1854,1854,2942,/data/home/jeffrey/Projects-dev/AutoRAG-Research/experiments/vidorev3_colflor/results/c_full_1k_best/finance_en.json
c_full_1k_best,finance_fr,0.060996351355174866,0.07337718881838312,0.02368074676208869,0.06828507668414811,0.10143683511296123,1920,1920,2384,/data/home/jeffrey/Projects-dev/AutoRAG-Research/experiments/vidorev3_colflor/results/c_full_1k_best/finance_fr.json
c_full_1k_best,hr,0.09291336726052093,0.10382818808947034,0.036308100353288957,0.09111756199284375,0.1282575324317839,1908,1908,1110,/data/home/jeffrey/Projects-dev/AutoRAG-Research/experiments/vidorev3_colflor/results/c_full_1k_best/hr.json
c_full_1k_best,industrial,0.07808692442648252,0.08586814658741089,0.036650373576168675,0.07839808343946275,0.10355033295701414,1698,1698,5244,/data/home/jeffrey/Projects-dev/AutoRAG-Research/experiments/vidorev3_colflor/results/c_full_1k_best/industrial.json
c_full_1k_best,pharmaceuticals,0.1378276787074035,0.14683066855955462,0.0630926777906995,0.13835579547814722,0.17322955162036688,2184,2184,2313,/data/home/jeffrey/Projects-dev/AutoRAG-Research/experiments/vidorev3_colflor/results/c_full_1k_best/pharmaceuticals.json
c_full_1k_best,physics,0.10332683873362149,0.11724607781484454,0.02771311310974207,0.08878300680750627,0.13548067864243324,1812,1812,1674,/data/home/jeffrey/Projects-dev/AutoRAG-Research/experiments/vidorev3_colflor/results/c_full_1k_best/physics.json
c_full_1k_final,computer_science,0.16975879736429644,0.18774915347585555,0.062121151888593865,0.16304798345496013,0.22278075499005737,1290,1290,1360,/data/home/jeffrey/Projects-dev/AutoRAG-Research/experiments/vidorev3_colflor/results/c_full_1k_final/computer_science.json
c_full_1k_final,energy,0.11591766679583229,0.1324330605334017,0.04889896587702524,0.13183645663157795,0.17924247547625272,1848,1848,2225,/data/home/jeffrey/Projects-dev/AutoRAG-Research/experiments/vidorev3_colflor/results/c_full_1k_final/energy.json
c_full_1k_final,finance_en,0.10987909181456527,0.12627462784394733,0.045224893712975736,0.11238031282798935,0.15944470180650996,1854,1854,2942,/data/home/jeffrey/Projects-dev/AutoRAG-Research/experiments/vidorev3_colflor/results/c_full_1k_final/finance_en.json
c_full_1k_final,finance_fr,0.06071359607560921,0.07348101586909227,0.023707803039144968,0.06750422971565853,0.10178755210430318,1920,1920,2384,/data/home/jeffrey/Projects-dev/AutoRAG-Research/experiments/vidorev3_colflor/results/c_full_1k_final/finance_fr.json
c_full_1k_final,hr,0.09318019360375673,0.10345456911033712,0.035887433907299766,0.09173616945107387,0.1274595489687061,1908,1908,1110,/data/home/jeffrey/Projects-dev/AutoRAG-Research/experiments/vidorev3_colflor/results/c_full_1k_final/hr.json
c_full_1k_final,industrial,0.07838883000316463,0.08578413815513486,0.03679760561386008,0.07864347016894842,0.10300630926551592,1698,1698,5244,/data/home/jeffrey/Projects-dev/AutoRAG-Research/experiments/vidorev3_colflor/results/c_full_1k_final/industrial.json
c_full_1k_final,pharmaceuticals,0.13755117255100197,0.14637917113744528,0.06299728707030879,0.13781162810705677,0.1727533248048543,2184,2184,2313,/data/home/jeffrey/Projects-dev/AutoRAG-Research/experiments/vidorev3_colflor/results/c_full_1k_final/pharmaceuticals.json
c_full_1k_final,physics,0.1035988144026499,0.1181862278803379,0.027611220848693455,0.08814542748858686,0.13698028022751568,1812,1812,1674,/data/home/jeffrey/Projects-dev/AutoRAG-Research/experiments/vidorev3_colflor/results/c_full_1k_final/physics.json
c_hn_1k_best,computer_science,0.18705953316365684,0.20577980093705606,0.07257616414593167,0.18059559518861829,0.24408861594908096,1290,1290,1360,/data/home/jeffrey/Projects-dev/AutoRAG-Research/experiments/vidorev3_colflor/results/c_hn_1k_best/computer_science.json
c_hn_1k_best,energy,0.1344082509937242,0.15286827629019037,0.05834021906827843,0.15186060670127924,0.2095913241703544,1848,1848,2225,/data/home/jeffrey/Projects-dev/AutoRAG-Research/experiments/vidorev3_colflor/results/c_hn_1k_best/energy.json
c_hn_1k_best,finance_en,0.12575373464785058,0.14276755048617054,0.05617973804160649,0.1266435022053991,0.1756631895795981,1854,1854,2942,/data/home/jeffrey/Projects-dev/AutoRAG-Research/experiments/vidorev3_colflor/results/c_hn_1k_best/finance_en.json
c_hn_1k_best,finance_fr,0.0733729341647034,0.08807197361195791,0.02594895768748872,0.08134735113497234,0.12132805650908442,1920,1920,2384,/data/home/jeffrey/Projects-dev/AutoRAG-Research/experiments/vidorev3_colflor/results/c_hn_1k_best/finance_fr.json
c_hn_1k_best,hr,0.0904386213572383,0.10212794823161234,0.03745914034859555,0.08661466521223904,0.12543219525762755,1908,1908,1110,/data/home/jeffrey/Projects-dev/AutoRAG-Research/experiments/vidorev3_colflor/results/c_hn_1k_best/hr.json
c_hn_1k_best,industrial,0.06783580536322452,0.07196420625459808,0.03357369601032226,0.06648923122295962,0.08293870210616999,1698,1698,5244,/data/home/jeffrey/Projects-dev/AutoRAG-Research/experiments/vidorev3_colflor/results/c_hn_1k_best/industrial.json
c_hn_1k_best,pharmaceuticals,0.13734801969722074,0.14929275916148074,0.06570288955067698,0.13873110660612475,0.1798803962189621,2184,2184,2313,/data/home/jeffrey/Projects-dev/AutoRAG-Research/experiments/vidorev3_colflor/results/c_hn_1k_best/pharmaceuticals.json
c_hn_1k_best,physics,0.11943533533273953,0.13374107789860804,0.03548122903696566,0.1061092270714264,0.15585679317447107,1812,1812,1674,/data/home/jeffrey/Projects-dev/AutoRAG-Research/experiments/vidorev3_colflor/results/c_hn_1k_best/physics.json
c_hn_1k_final,computer_science,0.18739142474891488,0.20597277008907697,0.07191171231868915,0.18173777557498477,0.24402401646587685,1290,1290,1360,/data/home/jeffrey/Projects-dev/AutoRAG-Research/experiments/vidorev3_colflor/results/c_hn_1k_final/computer_science.json
c_hn_1k_final,energy,0.13442778675319397,0.15370239987318188,0.058926438404497766,0.1512067466724192,0.21055069781880367,1848,1848,2225,/data/home/jeffrey/Projects-dev/AutoRAG-Research/experiments/vidorev3_colflor/results/c_hn_1k_final/energy.json
c_hn_1k_final,finance_en,0.12607502942212145,0.1425487582853442,0.05725249364510643,0.12615292841385445,0.1741259922090674,1854,1854,2942,/data/home/jeffrey/Projects-dev/AutoRAG-Research/experiments/vidorev3_colflor/results/c_hn_1k_final/finance_en.json
c_hn_1k_final,finance_fr,0.07358388561588178,0.08841558029762822,0.026579744724525758,0.08160999264991164,0.12205122945881987,1920,1920,2384,/data/home/jeffrey/Projects-dev/AutoRAG-Research/experiments/vidorev3_colflor/results/c_hn_1k_final/finance_fr.json
c_hn_1k_final,hr,0.09070028200100852,0.1026051284271958,0.03739362672176118,0.08684229295096554,0.12662793681824147,1908,1908,1110,/data/home/jeffrey/Projects-dev/AutoRAG-Research/experiments/vidorev3_colflor/results/c_hn_1k_final/hr.json
c_hn_1k_final,industrial,0.0676727435818536,0.07268342984247518,0.03404483853093474,0.06567722422720705,0.08431111502893628,1698,1698,5244,/data/home/jeffrey/Projects-dev/AutoRAG-Research/experiments/vidorev3_colflor/results/c_hn_1k_final/industrial.json
c_hn_1k_final,pharmaceuticals,0.1380714301541905,0.14966083999520993,0.06666694381143452,0.139419434354892,0.17920640407862376,2184,2184,2313,/data/home/jeffrey/Projects-dev/AutoRAG-Research/experiments/vidorev3_colflor/results/c_hn_1k_final/pharmaceuticals.json
c_hn_1k_final,physics,0.11978500157793037,0.133965648210909,0.03573781364542017,0.10620113104821546,0.15537775213770608,1812,1812,1674,/data/home/jeffrey/Projects-dev/AutoRAG-Research/experiments/vidorev3_colflor/results/c_hn_1k_final/physics.json
c_mp_only_best,computer_science,0.16260026565692814,0.18143564009656038,0.0578195039241552,0.15690863615282225,0.217214009074474,1290,1290,1360,/data/home/jeffrey/Projects-dev/AutoRAG-Research/experiments/vidorev3_colflor/results/c_mp_only_best/computer_science.json
c_mp_only_best,energy,0.12209258654537233,0.14188503767191604,0.05270969462952419,0.13910585112508142,0.19734168800818372,1848,1848,2225,/data/home/jeffrey/Projects-dev/AutoRAG-Research/experiments/vidorev3_colflor/results/c_mp_only_best/energy.json
c_mp_only_best,finance_en,0.1079019650295623,0.12657942533993757,0.047936175669450916,0.10531760969185197,0.15900362498526932,1854,1854,2942,/data/home/jeffrey/Projects-dev/AutoRAG-Research/experiments/vidorev3_colflor/results/c_mp_only_best/finance_en.json
c_mp_only_best,finance_fr,0.06503262449575184,0.08068058854489134,0.025636874699374725,0.07239013051078472,0.11406608507638581,1920,1920,2384,/data/home/jeffrey/Projects-dev/AutoRAG-Research/experiments/vidorev3_colflor/results/c_mp_only_best/finance_fr.json
c_mp_only_best,hr,0.08688650801617682,0.0970523576777091,0.03276868275395743,0.08554041569709654,0.12152739793509254,1908,1908,1110,/data/home/jeffrey/Projects-dev/AutoRAG-Research/experiments/vidorev3_colflor/results/c_mp_only_best/hr.json
c_mp_only_best,industrial,0.07863856363021839,0.08643838654175184,0.036115295678016565,0.0762427038105849,0.10440824189796191,1698,1698,5244,/data/home/jeffrey/Projects-dev/AutoRAG-Research/experiments/vidorev3_colflor/results/c_mp_only_best/industrial.json
c_mp_only_best,pharmaceuticals,0.14845723558420462,0.16177036534512623,0.07221700889305262,0.1464474164131746,0.19299813091396062,2184,2184,2313,/data/home/jeffrey/Projects-dev/AutoRAG-Research/experiments/vidorev3_colflor/results/c_mp_only_best/pharmaceuticals.json
c_mp_only_best,physics,0.10908747105995695,0.1239744404701627,0.032535958433415224,0.0976289454588612,0.14456320922757948,1812,1812,1674,/data/home/jeffrey/Projects-dev/AutoRAG-Research/experiments/vidorev3_colflor/results/c_mp_only_best/physics.json
c_mp_only_final,computer_science,0.16238226018789495,0.1811707195295176,0.05738022743836708,0.1566459315877921,0.21684919516314846,1290,1290,1360,/data/home/jeffrey/Projects-dev/AutoRAG-Research/experiments/vidorev3_colflor/results/c_mp_only_final/computer_science.json
c_mp_only_final,energy,0.12200583775122717,0.14167424539592866,0.052001077849478834,0.14015761021255482,0.19764859107243973,1848,1848,2225,/data/home/jeffrey/Projects-dev/AutoRAG-Research/experiments/vidorev3_colflor/results/c_mp_only_final/energy.json
c_mp_only_final,finance_en,0.10810995138579384,0.12736771824742169,0.04855902459327071,0.10547062699697282,0.15987026254284536,1854,1854,2942,/data/home/jeffrey/Projects-dev/AutoRAG-Research/experiments/vidorev3_colflor/results/c_mp_only_final/finance_en.json
c_mp_only_final,finance_fr,0.0649288972490536,0.08055056035118004,0.025498380381192908,0.07229485686082357,0.1137405856237312,1920,1920,2384,/data/home/jeffrey/Projects-dev/AutoRAG-Research/experiments/vidorev3_colflor/results/c_mp_only_final/finance_fr.json
c_mp_only_final,hr,0.08713984365054576,0.09728867882245808,0.032955864544912804,0.08577626475370032,0.12150499184681422,1908,1908,1110,/data/home/jeffrey/Projects-dev/AutoRAG-Research/experiments/vidorev3_colflor/results/c_mp_only_final/hr.json
c_mp_only_final,industrial,0.07819248817880066,0.08617628148889865,0.036049859216820385,0.07595700354696945,0.10436350600958647,1698,1698,5244,/data/home/jeffrey/Projects-dev/AutoRAG-Research/experiments/vidorev3_colflor/results/c_mp_only_final/industrial.json
c_mp_only_final,pharmaceuticals,0.14861538587966236,0.16140484233311111,0.07176838344442718,0.14730773842734274,0.19320355036731965,2184,2184,2313,/data/home/jeffrey/Projects-dev/AutoRAG-Research/experiments/vidorev3_colflor/results/c_mp_only_final/pharmaceuticals.json
c_mp_only_final,physics,0.10955071899548235,0.12468693905141935,0.03344161808558934,0.09683928238883364,0.1441199544095893,1812,1812,1674,/data/home/jeffrey/Projects-dev/AutoRAG-Research/experiments/vidorev3_colflor/results/c_mp_only_final/physics.json
d_1k_best,computer_science,0.1732817840955624,0.19567899543173764,0.0632220170010869,0.16549960160425278,0.23643374282909146,1290,1290,1360,/data/home/jeffrey/Projects-dev/AutoRAG-Research/experiments/vidorev3_colflor/results/d_1k_best/computer_science.json
d_1k_best,energy,0.1410791562293784,0.15946241734416922,0.06581956181547828,0.1527445492039745,0.21075625592873612,1848,1848,2225,/data/home/jeffrey/Projects-dev/AutoRAG-Research/experiments/vidorev3_colflor/results/d_1k_best/energy.json
d_1k_best,finance_en,0.12137680846776971,0.13601605799305067,0.05721309129987883,0.12484828504515241,0.1664765906402264,1854,1854,2942,/data/home/jeffrey/Projects-dev/AutoRAG-Research/experiments/vidorev3_colflor/results/d_1k_best/finance_en.json
d_1k_best,finance_fr,0.06865901131534001,0.08414128444647798,0.027390411458006598,0.07420909727891925,0.11569523643429586,1920,1920,2384,/data/home/jeffrey/Projects-dev/AutoRAG-Research/experiments/vidorev3_colflor/results/d_1k_best/finance_fr.json
d_1k_best,hr,0.0892838136494528,0.09842023761205813,0.035807759422176656,0.08814111264782125,0.11926439389989774,1908,1908,1110,/data/home/jeffrey/Projects-dev/AutoRAG-Research/experiments/vidorev3_colflor/results/d_1k_best/hr.json
d_1k_best,industrial,0.06437987571326588,0.06955009247360536,0.02991075800263081,0.06390738040789326,0.08333739929183567,1698,1698,5244,/data/home/jeffrey/Projects-dev/AutoRAG-Research/experiments/vidorev3_colflor/results/d_1k_best/industrial.json
d_1k_best,pharmaceuticals,0.1351744991624192,0.14756146677929718,0.06510345591552905,0.13591385092344405,0.17854232765246106,2184,2184,2313,/data/home/jeffrey/Projects-dev/AutoRAG-Research/experiments/vidorev3_colflor/results/d_1k_best/pharmaceuticals.json
d_1k_best,physics,0.12329889764194059,0.13510880132650108,0.03678047588954122,0.11072293808302469,0.15376660841791684,1812,1812,1674,/data/home/jeffrey/Projects-dev/AutoRAG-Research/experiments/vidorev3_colflor/results/d_1k_best/physics.json
d_1k_final,computer_science,0.17211925384107762,0.19447311388047858,0.06270514584468084,0.16270793375444537,0.23513654304351966,1290,1290,1360,/data/home/jeffrey/Projects-dev/AutoRAG-Research/experiments/vidorev3_colflor/results/d_1k_final/computer_science.json
d_1k_final,energy,0.1399170044387729,0.15891543270069178,0.06419468206559853,0.15238032501304757,0.2111696118994637,1848,1848,2225,/data/home/jeffrey/Projects-dev/AutoRAG-Research/experiments/vidorev3_colflor/results/d_1k_final/energy.json
d_1k_final,finance_en,0.1203918225349341,0.13490635103973536,0.055932077276146366,0.12376696794441783,0.16552082034217547,1854,1854,2942,/data/home/jeffrey/Projects-dev/AutoRAG-Research/experiments/vidorev3_colflor/results/d_1k_final/finance_en.json
d_1k_final,finance_fr,0.06819750282694245,0.08300832937700706,0.027135278607765052,0.07306710465484943,0.11365372091973171,1920,1920,2384,/data/home/jeffrey/Projects-dev/AutoRAG-Research/experiments/vidorev3_colflor/results/d_1k_final/finance_fr.json
d_1k_final,hr,0.08919695187686245,0.09831650430979008,0.03577063503363718,0.08784026046017661,0.11852194003968486,1908,1908,1110,/data/home/jeffrey/Projects-dev/AutoRAG-Research/experiments/vidorev3_colflor/results/d_1k_final/hr.json
d_1k_final,industrial,0.06367319492238428,0.06822121075627732,0.028273104333175026,0.064350011327556,0.08194351768593994,1698,1698,5244,/data/home/jeffrey/Projects-dev/AutoRAG-Research/experiments/vidorev3_colflor/results/d_1k_final/industrial.json
d_1k_final,pharmaceuticals,0.13407177543701487,0.14678816412126003,0.06550100809879553,0.13495891135243304,0.17739177662008226,2184,2184,2313,/data/home/jeffrey/Projects-dev/AutoRAG-Research/experiments/vidorev3_colflor/results/d_1k_final/pharmaceuticals.json
d_1k_final,physics,0.12387497288346078,0.13643684299169007,0.039116472790281916,0.10906243377107905,0.15499298468825112,1812,1812,1674,/data/home/jeffrey/Projects-dev/AutoRAG-Research/experiments/vidorev3_colflor/results/d_1k_final/physics.json
f_1k_best,computer_science,0.17222789727874774,0.1905294388032137,0.06237008039333633,0.16667717940973742,0.22843470052772386,1290,1290,1360,/data/home/jeffrey/Projects-dev/AutoRAG-Research/experiments/vidorev3_colflor/results/f_1k_best/computer_science.json
f_1k_best,energy,0.12130582482328886,0.13753692621854946,0.0555480599678895,0.13528929900783582,0.18390019125201698,1848,1848,2225,/data/home/jeffrey/Projects-dev/AutoRAG-Research/experiments/vidorev3_colflor/results/f_1k_best/energy.json
f_1k_best,finance_en,0.1119882168572074,0.13022366454186504,0.046109510414744544,0.11511774455004896,0.16504307715971217,1854,1854,2942,/data/home/jeffrey/Projects-dev/AutoRAG-Research/experiments/vidorev3_colflor/results/f_1k_best/finance_en.json
f_1k_best,finance_fr,0.0630331691567793,0.0762554842627378,0.025319117072334012,0.06787727893514793,0.10402759972794806,1920,1920,2384,/data/home/jeffrey/Projects-dev/AutoRAG-Research/experiments/vidorev3_colflor/results/f_1k_best/finance_fr.json
f_1k_best,hr,0.09244422417457733,0.10272775866781764,0.03453616945399958,0.09092037515807168,0.12717250354601703,1908,1908,1110,/data/home/jeffrey/Projects-dev/AutoRAG-Research/experiments/vidorev3_colflor/results/f_1k_best/hr.json
f_1k_best,industrial,0.081780738510772,0.08864454066570902,0.037829164684288395,0.08223269275110387,0.10579873938786777,1698,1698,5244,/data/home/jeffrey/Projects-dev/AutoRAG-Research/experiments/vidorev3_colflor/results/f_1k_best/industrial.json
f_1k_best,pharmaceuticals,0.13953371839318215,0.1507114402527493,0.06631991008729997,0.13868348811757222,0.17828089208751266,2184,2184,2313,/data/home/jeffrey/Projects-dev/AutoRAG-Research/experiments/vidorev3_colflor/results/f_1k_best/pharmaceuticals.json
f_1k_best,physics,0.10755164499173354,0.12137501470771253,0.030007631505253856,0.09291924479774258,0.13783776263694997,1812,1812,1674,/data/home/jeffrey/Projects-dev/AutoRAG-Research/experiments/vidorev3_colflor/results/f_1k_best/physics.json
f_1k_final,computer_science,0.16854563229708525,0.18611771439229238,0.06107245897943584,0.16225083701827878,0.22066950706485602,1290,1290,1360,/data/home/jeffrey/Projects-dev/AutoRAG-Research/experiments/vidorev3_colflor/results/f_1k_final/computer_science.json
f_1k_final,energy,0.11292479587390601,0.13020683846356024,0.04988234671289055,0.12805912194291322,0.1781657191005832,1848,1848,2225,/data/home/jeffrey/Projects-dev/AutoRAG-Research/experiments/vidorev3_colflor/results/f_1k_final/energy.json
f_1k_final,finance_en,0.1098180329556541,0.12699640961198205,0.04327779520438855,0.11289781641992663,0.16153828931407144,1854,1854,2942,/data/home/jeffrey/Projects-dev/AutoRAG-Research/experiments/vidorev3_colflor/results/f_1k_final/finance_en.json
f_1k_final,finance_fr,0.05891916539997696,0.07149761877449327,0.02380952712524406,0.06343599012262272,0.0978261372348755,1920,1920,2384,/data/home/jeffrey/Projects-dev/AutoRAG-Research/experiments/vidorev3_colflor/results/f_1k_final/finance_fr.json
f_1k_final,hr,0.09117621443990827,0.10108637918473881,0.03525322796649007,0.0897917266680447,0.12551356675310812,1908,1908,1110,/data/home/jeffrey/Projects-dev/AutoRAG-Research/experiments/vidorev3_colflor/results/f_1k_final/hr.json
f_1k_final,industrial,0.07676991605891127,0.08483218644726453,0.035367351533429306,0.07623455395414808,0.1030646788023511,1698,1698,5244,/data/home/jeffrey/Projects-dev/AutoRAG-Research/experiments/vidorev3_colflor/results/f_1k_final/industrial.json
f_1k_final,pharmaceuticals,0.1375259964979857,0.14726719502513194,0.06284984027107629,0.1372387778968035,0.17375615752963183,2184,2184,2313,/data/home/jeffrey/Projects-dev/AutoRAG-Research/experiments/vidorev3_colflor/results/f_1k_final/pharmaceuticals.json
f_1k_final,physics,0.10331651565399215,0.11663479857528669,0.029002839836506193,0.08698601130713875,0.13400107970855188,1812,1812,1674,/data/home/jeffrey/Projects-dev/AutoRAG-Research/experiments/vidorev3_colflor/results/f_1k_final/physics.json
vdr_random_hn_1k_best,computer_science,0.1834370681930038,0.20136565306835003,0.06934081852686515,0.1767594657710937,0.23699992513946,1290,1290,1360,/data/home/jeffrey/Projects-dev/AutoRAG-Research/experiments/vidorev3_colflor/results/vdr_random_hn_1k_best/computer_science.json
vdr_random_hn_1k_best,energy,0.13533973657201578,0.1532280030465809,0.05735412727720356,0.14877841716264678,0.20510267400743348,1848,1848,2225,/data/home/jeffrey/Projects-dev/AutoRAG-Research/experiments/vidorev3_colflor/results/vdr_random_hn_1k_best/energy.json
vdr_random_hn_1k_best,finance_en,0.12105418529550796,0.13538197639767252,0.05314721680520175,0.12416913648503108,0.1660092915246986,1854,1854,2942,/data/home/jeffrey/Projects-dev/AutoRAG-Research/experiments/vidorev3_colflor/results/vdr_random_hn_1k_best/finance_en.json
vdr_random_hn_1k_best,finance_fr,0.07409516395181052,0.08912708685654985,0.026394301802160285,0.0807145121749946,0.12345366088501297,1920,1920,2384,/data/home/jeffrey/Projects-dev/AutoRAG-Research/experiments/vidorev3_colflor/results/vdr_random_hn_1k_best/finance_fr.json
vdr_random_hn_1k_best,hr,0.08721025886605345,0.09815328988129374,0.03343441720999798,0.0849919023398984,0.12153791776352064,1908,1908,1110,/data/home/jeffrey/Projects-dev/AutoRAG-Research/experiments/vidorev3_colflor/results/vdr_random_hn_1k_best/hr.json
vdr_random_hn_1k_best,industrial,0.06963170788716583,0.0740335155982471,0.032517331346836674,0.07026741792959158,0.08726143268513632,1698,1698,5244,/data/home/jeffrey/Projects-dev/AutoRAG-Research/experiments/vidorev3_colflor/results/vdr_random_hn_1k_best/industrial.json
vdr_random_hn_1k_best,pharmaceuticals,0.14185050960023016,0.15566091679360877,0.07110859349892296,0.14205172274867123,0.1879377875185437,2184,2184,2313,/data/home/jeffrey/Projects-dev/AutoRAG-Research/experiments/vidorev3_colflor/results/vdr_random_hn_1k_best/pharmaceuticals.json
vdr_random_hn_1k_best,physics,0.11951420976738503,0.13377097546063751,0.03489270981269188,0.10814854158826431,0.1567579851536217,1812,1812,1674,/data/home/jeffrey/Projects-dev/AutoRAG-Research/experiments/vidorev3_colflor/results/vdr_random_hn_1k_best/physics.json
vdr_random_hn_1k_final,computer_science,0.18320594753954988,0.20083837835361412,0.06779689087828634,0.17730240904659508,0.23728239245681101,1290,1290,1360,/data/home/jeffrey/Projects-dev/AutoRAG-Research/experiments/vidorev3_colflor/results/vdr_random_hn_1k_final/computer_science.json
vdr_random_hn_1k_final,energy,0.13510992380407338,0.15331179446212662,0.05766334187213245,0.14868165198129515,0.205732946512706,1848,1848,2225,/data/home/jeffrey/Projects-dev/AutoRAG-Research/experiments/vidorev3_colflor/results/vdr_random_hn_1k_final/energy.json
vdr_random_hn_1k_final,finance_en,0.12062652405514408,0.13519291454214616,0.052616832051516016,0.12407751103170757,0.16652623472772599,1854,1854,2942,/data/home/jeffrey/Projects-dev/AutoRAG-Research/experiments/vidorev3_colflor/results/vdr_random_hn_1k_final/finance_en.json
vdr_random_hn_1k_final,finance_fr,0.07356515933762858,0.08993100683359077,0.02703440822351671,0.07879174773876033,0.12366699470556664,1920,1920,2384,/data/home/jeffrey/Projects-dev/AutoRAG-Research/experiments/vidorev3_colflor/results/vdr_random_hn_1k_final/finance_fr.json
vdr_random_hn_1k_final,hr,0.08723477983875173,0.0978644764807834,0.03340166039658079,0.08523043913503897,0.12081265883064153,1908,1908,1110,/data/home/jeffrey/Projects-dev/AutoRAG-Research/experiments/vidorev3_colflor/results/vdr_random_hn_1k_final/hr.json
vdr_random_hn_1k_final,industrial,0.06948307543873744,0.07388715953900302,0.03256220206308548,0.06988499705247106,0.08693847498585351,1698,1698,5244,/data/home/jeffrey/Projects-dev/AutoRAG-Research/experiments/vidorev3_colflor/results/vdr_random_hn_1k_final/industrial.json
vdr_random_hn_1k_final,pharmaceuticals,0.1421080383367705,0.15550057265015652,0.07202434441467387,0.14188653003540155,0.18684795473228236,2184,2184,2313,/data/home/jeffrey/Projects-dev/AutoRAG-Research/experiments/vidorev3_colflor/results/vdr_random_hn_1k_final/pharmaceuticals.json
vdr_random_hn_1k_final,physics,0.12089302918543596,0.13490401386519116,0.03712084009545792,0.10852098052379142,0.15711014074413915,1812,1812,1674,/data/home/jeffrey/Projects-dev/AutoRAG-Research/experiments/vidorev3_colflor/results/vdr_random_hn_1k_final/physics.json
vdr_voyage_hn_1k_best,computer_science,0.1832208131023408,0.2059567056141952,0.07134893960475364,0.1742367215041634,0.24677774852193446,1290,1290,1360,/data/home/jeffrey/Projects-dev/AutoRAG-Research/experiments/vidorev3_colflor/results/vdr_voyage_hn_1k_best/computer_science.json
vdr_voyage_hn_1k_best,energy,0.1407747887167753,0.15950880486625413,0.06536700463872426,0.15183985135762146,0.21096496414225852,1848,1848,2225,/data/home/jeffrey/Projects-dev/AutoRAG-Research/experiments/vidorev3_colflor/results/vdr_voyage_hn_1k_best/energy.json
vdr_voyage_hn_1k_best,finance_en,0.12578289529244407,0.14246470985563878,0.05673150708043054,0.12578708995811494,0.17427264942731044,1854,1854,2942,/data/home/jeffrey/Projects-dev/AutoRAG-Research/experiments/vidorev3_colflor/results/vdr_voyage_hn_1k_best/finance_en.json
vdr_voyage_hn_1k_best,finance_fr,0.07910009577899402,0.09482942064667355,0.031365058254993965,0.08557034185166357,0.1283080770431775,1920,1920,2384,/data/home/jeffrey/Projects-dev/AutoRAG-Research/experiments/vidorev3_colflor/results/vdr_voyage_hn_1k_best/finance_fr.json
vdr_voyage_hn_1k_best,hr,0.08956393228386549,0.09843332413462998,0.035996791160948456,0.08738522339997862,0.1179203967032703,1908,1908,1110,/data/home/jeffrey/Projects-dev/AutoRAG-Research/experiments/vidorev3_colflor/results/vdr_voyage_hn_1k_best/hr.json
vdr_voyage_hn_1k_best,industrial,0.06826078024844609,0.07438633276408864,0.03389969456665573,0.06605230580552081,0.08742933395179903,1698,1698,5244,/data/home/jeffrey/Projects-dev/AutoRAG-Research/experiments/vidorev3_colflor/results/vdr_voyage_hn_1k_best/industrial.json
vdr_voyage_hn_1k_best,pharmaceuticals,0.14532087421359077,0.15960784000247252,0.07261591554195926,0.14565005448917326,0.190879905620043,2184,2184,2313,/data/home/jeffrey/Projects-dev/AutoRAG-Research/experiments/vidorev3_colflor/results/vdr_voyage_hn_1k_best/pharmaceuticals.json
vdr_voyage_hn_1k_best,physics,0.12665677611362133,0.14017727519508855,0.03772423394915164,0.11136804412626786,0.1607908476943331,1812,1812,1674,/data/home/jeffrey/Projects-dev/AutoRAG-Research/experiments/vidorev3_colflor/results/vdr_voyage_hn_1k_best/physics.json
vdr_voyage_hn_1k_final,computer_science,0.18375058219774315,0.2061799949667892,0.07105824193033503,0.17670094332885034,0.24783841051282887,1290,1290,1360,/data/home/jeffrey/Projects-dev/AutoRAG-Research/experiments/vidorev3_colflor/results/vdr_voyage_hn_1k_final/computer_science.json
vdr_voyage_hn_1k_final,energy,0.13986329886355098,0.15837991634966556,0.06472903480432586,0.15198729337536426,0.20958653754809373,1848,1848,2225,/data/home/jeffrey/Projects-dev/AutoRAG-Research/experiments/vidorev3_colflor/results/vdr_voyage_hn_1k_final/energy.json
vdr_voyage_hn_1k_final,finance_en,0.12523681121740166,0.14165007675709745,0.05658744043150953,0.12608503006188027,0.17365422546984202,1854,1854,2942,/data/home/jeffrey/Projects-dev/AutoRAG-Research/experiments/vidorev3_colflor/results/vdr_voyage_hn_1k_final/finance_en.json
vdr_voyage_hn_1k_final,finance_fr,0.07878479106901806,0.09348509928829027,0.029666702144873137,0.08635820560827732,0.1264917136812978,1920,1920,2384,/data/home/jeffrey/Projects-dev/AutoRAG-Research/experiments/vidorev3_colflor/results/vdr_voyage_hn_1k_final/finance_fr.json
vdr_voyage_hn_1k_final,hr,0.09007437027615232,0.09808941367317837,0.035778412404833856,0.0886057053987625,0.11730531711575269,1908,1908,1110,/data/home/jeffrey/Projects-dev/AutoRAG-Research/experiments/vidorev3_colflor/results/vdr_voyage_hn_1k_final/hr.json
vdr_voyage_hn_1k_final,industrial,0.06829284839762817,0.07365812042666717,0.03328552663800016,0.06721333558845873,0.08668525050299902,1698,1698,5244,/data/home/jeffrey/Projects-dev/AutoRAG-Research/experiments/vidorev3_colflor/results/vdr_voyage_hn_1k_final/industrial.json
vdr_voyage_hn_1k_final,pharmaceuticals,0.14537690597059966,0.15891211368249678,0.07235882963724893,0.14578863309615844,0.18921531735033198,2184,2184,2313,/data/home/jeffrey/Projects-dev/AutoRAG-Research/experiments/vidorev3_colflor/results/vdr_voyage_hn_1k_final/pharmaceuticals.json
vdr_voyage_hn_1k_final,physics,0.12470743465987524,0.1383321080697122,0.03440893163759818,0.11214636147394735,0.16055056411408236,1812,1812,1674,/data/home/jeffrey/Projects-dev/AutoRAG-Research/experiments/vidorev3_colflor/results/vdr_voyage_hn_1k_final/physics.json
